index,row,col,radius_px,diameter_px,stenosis
0,60,72,1.0,2.0,0.0
1,60,73,2.0,4.0,0.0
2,60,74,3.0,6.0,0.0
3,60,75,4.0,8.0,0.0
4,60,76,5.0,10.0,0.0
5,61,77,6.0,12.0,0.0
6,62,78,7.0710678118654755,14.142135623730951,0.0
7,63,79,7.0,14.0,0.010050506338833531
8,63,80,7.0,14.0,0.010050506338833531
9,63,81,7.0,14.0,0.010050506338833531
10,63,82,6.708203932499369,13.416407864998739,0.05131670194948623
11,63,83,6.324555320336759,12.649110640673518,0.10557280900008414
12,64,84,6.708203932499369,13.416407864998739,0.05131670194948623
13,64,85,7.0,14.0,0.010050506338833531
14,64,86,7.0,14.0,0.010050506338833531
15,64,87,7.0,14.0,0.010050506338833531
16,64,88,6.708203932499369,13.416407864998739,0.05131670194948623
17,64,89,6.324555320336759,12.649110640673518,0.10557280900008414
18,65,90,6.708203932499369,13.416407864998739,0.05131670194948623
19,65,91,7.0,14.0,0.010050506338833531
20,65,92,7.0,14.0,0.010050506338833531
21,65,93,7.0,14.0,0.010050506338833531
22,65,94,6.708203932499369,13.416407864998739,0.05131670194948623
23,65,95,6.324555320336759,12.649110640673518,0.10557280900008414
24,66,96,6.324555320336759,12.649110640673518,0.10557280900008414
25,66,97,6.708203932499369,13.416407864998739,0.05131670194948623
26,66,98,6.324555320336759,12.649110640673518,0.10557280900008414
27,67,99,6.324555320336759,12.649110640673518,0.10557280900008414
28,67,100,6.324555320336759,12.649110640673518,0.10557280900008414
29,68,101,6.4031242374328485,12.806248474865697,0.09446148618625838
30,68,102,6.708203932499369,13.416407864998739,0.05131670194948623
31,69,103,7.0710678118654755,14.142135623730951,0.0
32,70,104,7.0710678118654755,14.142135623730951,0.0
33,70,105,7.211102550927978,14.422205101855956,0.0
34,71,106,7.211102550927978,14.422205101855956,0.0
35,71,107,7.211102550927978,14.422205101855956,0.0
36,72,108,7.211102550927978,14.422205101855956,0.0
37,72,109,7.211102550927978,14.422205101855956,0.0
38,73,110,7.211102550927978,14.422205101855956,0.0
39,73,111,7.211102550927978,14.422205101855956,0.0
40,74,112,7.211102550927978,14.422205101855956,0.0
41,74,113,7.211102550927978,14.422205101855956,0.0
42,75,114,7.211102550927978,14.422205101855956,0.0
43,75,115,7.211102550927978,14.422205101855956,0.0
44,76,116,7.211102550927978,14.422205101855956,0.0
45,76,117,7.211102550927978,14.422205101855956,0.0
46,77,118,7.211102550927978,14.422205101855956,0.0
47,77,119,7.211102550927978,14.422205101855956,0.0
48,78,120,7.211102550927978,14.422205101855956,0.0
49,78,121,7.211102550927978,14.422205101855956,0.0
50,79,122,7.211102550927978,14.422205101855956,0.0
51,79,123,7.211102550927978,14.422205101855956,0.0
52,80,124,7.211102550927978,14.422205101855956,0.0
53,80,125,7.211102550927978,14.422205101855956,0.0
54,81,126,7.211102550927978,14.422205101855956,0.0
55,81,127,7.0710678118654755,14.142135623730951,0.019419324309079777
56,82,128,7.211102550927978,14.422205101855956,0.0
57,82,129,6.708203932499369,13.416407864998739,0.06973949058093654
58,83,130,7.211102550927978,14.422205101855956,0.0
59,83,131,6.708203932499369,13.416407864998739,0.06973949058093654
60,84,132,7.211102550927978,14.422205101855956,0.0
61,84,133,6.708203932499369,13.416407864998739,0.06973949058093654
62,85,134,7.211102550927978,14.422205101855956,0.0
63,85,135,6.708203932499369,13.416407864998739,0.06973949058093654
64,86,136,7.211102550927978,14.422205101855956,0.0
65,86,137,6.708203932499369,13.416407864998739,0.06973949058093654
66,87,138,7.211102550927978,14.422205101855956,0.0
67,87,139,6.708203932499369,13.416407864998739,0.06973949058093654
68,88,140,7.211102550927978,14.422205101855956,0.0
69,88,141,7.0710678118654755,14.142135623730951,0.019419324309079777
70,89,142,7.211102550927978,14.422205101855956,0.0
71,89,143,7.280109889280518,14.560219778561036,0.0
72,90,144,7.211102550927978,14.422205101855956,0.009478886912702822
73,90,145,7.615773105863909,15.231546211727817,0.0
74,90,146,8.0,16.0,0.0
75,90,147,8.0,16.0,0.0
76,90,148,8.0,16.0,0.0
77,91,149,8.54400374531753,17.08800749063506,0.0
78,91,150,8.246211251235321,16.492422502470642,0.034853975133778636
79,92,151,8.54400374531753,17.08800749063506,0.0
80,92,152,8.94427190999916,17.88854381999832,0.0
81,92,153,9.0,18.0,0.0
82,92,154,9.0,18.0,0.0
83,92,155,8.94427190999916,17.88854381999832,0.006192010000093395
84,93,156,9.055385138137417,18.110770276274835,0.0
85,93,157,8.94427190999916,17.88854381999832,0.012270403350410408
86,93,158,8.54400374531753,17.08800749063506,0.05647262761538063
87,94,159,8.94427190999916,17.88854381999832,0.012270403350410408
88,94,160,8.94427190999916,17.88854381999832,0.012270403350410408
89,94,161,8.54400374531753,17.08800749063506,0.05647262761538063
90,95,162,8.94427190999916,17.88854381999832,0.012270403350410408
91,95,163,8.54400374531753,17.08800749063506,0.05647262761538063
92,96,164,8.54400374531753,17.08800749063506,0.05647262761538063
93,96,165,8.54400374531753,17.08800749063506,0.05647262761538063
94,96,166,8.246211251235321,16.492422502470642,0.08935830719051374
95,97,167,8.54400374531753,17.08800749063506,0.05647262761538063
96,97,168,8.54400374531753,17.08800749063506,0.05647262761538063
97,98,169,8.246211251235321,16.492422502470642,0.08935830719051374
98,98,170,8.54400374531753,17.08800749063506,0.05647262761538063
99,98,171,8.246211251235321,16.492422502470642,0.08935830719051374
100,99,172,8.246211251235321,16.492422502470642,0.08935830719051374
101,99,173,8.54400374531753,17.08800749063506,0.05647262761538063
102,100,174,8.06225774829855,16.1245154965971,0.10967257324663526
103,100,175,8.246211251235321,16.492422502470642,0.08935830719051374
104,100,176,8.246211251235321,16.492422502470642,0.08935830719051374
105,100,177,8.06225774829855,16.1245154965971,0.10967257324663526
106,101,178,8.246211251235321,16.492422502470642,0.08935830719051374
107,101,179,8.06225774829855,16.1245154965971,0.10967257324663526
108,102,180,8.0,16.0,0.11654779140122773
109,102,181,8.06225774829855,16.1245154965971,0.10967257324663526
110,102,182,7.615773105863909,15.231546211727817,0.15897855367967473
111,103,183,7.615773105863909,15.231546211727817,0.15897855367967473
112,103,184,8.06225774829855,16.1245154965971,0.10967257324663526
113,103,185,7.615773105863909,15.231546211727817,0.15897855367967473
114,104,186,7.615773105863909,15.231546211727817,0.15897855367967473
115,104,187,7.615773105863909,15.231546211727817,0.15897855367967473
116,105,188,7.280109889280518,14.560219778561036,0.19604635493417033
117,105,189,7.615773105863909,15.231546211727817,0.15897855367967473
118,105,190,7.211102550927978,14.422205101855956,0.20366694061880464
119,106,191,7.280109889280518,14.560219778561036,0.19604635493417033
120,106,192,7.280109889280518,14.560219778561036,0.19604635493417033
121,107,193,7.211102550927978,14.422205101855956,0.20366694061880464
122,107,194,7.615773105863909,15.231546211727817,0.15897855367967473
123,107,195,8.0,16.0,0.11654779140122773
124,107,196,8.06225774829855,16.1245154965971,0.10967257324663526
125,108,197,7.810249675906654,15.620499351813308,0.13750220926405265
126,109,198,7.280109889280518,14.560219778561036,0.19604635493417033
127,109,199,7.211102550927978,14.422205101855956,0.20366694061880464
128,110,200,7.211102550927978,14.422205101855956,0.20366694061880464
129,110,201,7.211102550927978,14.422205101855956,0.20366694061880464
130,111,202,7.211102550927978,14.422205101855956,0.20366694061880464
131,111,203,7.280109889280518,14.560219778561036,0.19604635493417033
132,112,204,7.211102550927978,14.422205101855956,0.20366694061880464
133,112,205,7.615773105863909,15.231546211727817,0.15897855367967473
134,112,206,7.280109889280518,14.560219778561036,0.19604635493417033
135,113,207,7.810249675906654,15.620499351813308,0.13750220926405265
136,113,208,7.615773105863909,15.231546211727817,0.15897855367967473
137,114,209,8.06225774829855,16.1245154965971,0.10967257324663526
138,114,210,8.06225774829855,16.1245154965971,0.10967257324663526
139,115,211,8.48528137423857,16.97056274847714,0.06295742866836374
140,115,212,8.06225774829855,16.1245154965971,0.10967257324663526
141,116,213,8.54400374531753,17.08800749063506,0.05647262761538063
142,117,214,8.48528137423857,16.97056274847714,0.06295742866836374
143,117,215,8.48528137423857,16.97056274847714,0.06295742866836374
144,118,216,8.48528137423857,16.97056274847714,0.06295742866836374
145,119,217,8.48528137423857,16.97056274847714,0.06295742866836374
146,120,218,8.06225774829855,16.1245154965971,0.10967257324663526
147,121,219,7.810249675906654,15.620499351813308,0.13750220926405265
148,122,220,7.810249675906654,15.620499351813308,0.13750220926405265
149,123,221,7.810249675906654,15.620499351813308,0.13750220926405265
150,124,222,7.810249675906654,15.620499351813308,0.13750220926405265
151,125,223,8.06225774829855,16.1245154965971,0.10967257324663526
152,126,224,8.48528137423857,16.97056274847714,0.06295742866836374
153,127,225,8.06225774829855,16.1245154965971,0.10967257324663526
154,128,225,7.810249675906654,15.620499351813308,0.13750220926405265
155,129,226,7.810249675906654,15.620499351813308,0.13750220926405265
156,130,227,7.810249675906654,15.620499351813308,0.13750220926405265
157,131,227,7.615773105863909,15.231546211727817,0.15897855367967473
158,132,228,8.06225774829855,16.1245154965971,0.10967257324663526
159,133,229,7.615773105863909,15.231546211727817,0.15897855367967473
160,134,229,7.810249675906654,15.620499351813308,0.13750220926405265
161,135,230,7.280109889280518,14.560219778561036,0.19604635493417033
162,136,230,7.615773105863909,15.231546211727817,0.15897855367967473
163,137,230,7.211102550927978,14.422205101855956,0.20366694061880464
164,138,231,7.280109889280518,14.560219778561036,0.19604635493417033
165,139,231,7.211102550927978,14.422205101855956,0.20366694061880464
166,140,232,7.0710678118654755,14.142135623730951,0.21913119055696972
167,141,232,7.0710678118654755,14.142135623730951,0.21913119055696972
168,142,233,6.708203932499369,13.416407864998739,0.2592028025128078
169,143,233,6.708203932499369,13.416407864998739,0.2592028025128078
170,144,234,6.324555320336759,12.649110640673518,0.30156970423042184
171,145,234,6.708203932499369,13.416407864998739,0.2592028025128078
172,146,234,6.324555320336759,12.649110640673518,0.30156970423042184
173,147,235,6.324555320336759,12.649110640673518,0.30156970423042184
174,148,235,6.324555320336759,12.649110640673518,0.30156970423042184
175,149,236,6.082762530298219,12.165525060596439,0.3282712510282727
176,150,236,5.830951894845301,11.661903789690601,0.3560790837832154
177,151,237,5.830951894845301,11.661903789690601,0.3560790837832154
178,152,237,5.656854249492381,11.313708498984761,0.3753049524455757
179,153,238,5.830951894845301,11.661903789690601,0.3560790837832154
180,154,239,6.324555320336759,12.649110640673518,0.30156970423042184
181,155,239,5.830951894845301,11.661903789690601,0.3560790837832154
182,156,240,6.324555320336759,12.649110640673518,0.30156970423042184
183,157,241,6.324555320336759,12.649110640673518,0.30156970423042184
184,158,241,5.830951894845301,11.661903789690601,0.3560790837832154
185,159,242,6.324555320336759,12.649110640673518,0.30156970423042184
186,160,243,6.4031242374328485,12.806248474865697,0.29289321881345254
187,161,244,6.4031242374328485,12.806248474865697,0.29289321881345254
188,162,245,6.708203932499369,13.416407864998739,0.2592028025128078
189,163,246,7.0710678118654755,14.142135623730951,0.21913119055696972
190,163,247,7.0710678118654755,14.142135623730951,0.21913119055696972
191,164,248,7.810249675906654,15.620499351813308,0.13750220926405265
192,164,249,8.06225774829855,16.1245154965971,0.10967257324663526
193,165,250,8.602325267042627,17.204650534085253,0.050032092968270936
194,165,251,9.219544457292887,18.439088914585774,0.0
195,165,252,9.848857801796104,19.697715603592208,0.0
196,165,253,10.295630140987,20.591260281974,0.0
197,165,254,10.816653826391969,21.633307652783937,0.0
198,165,255,11.40175425099138,22.80350850198276,0.0
199,166,256,11.661903789690601,23.323807579381203,0.0
200,167,257,11.40175425099138,22.80350850198276,0.02230763890619647
201,168,258,11.313708498984761,22.627416997969522,0.029857499854668124
202,169,259,11.313708498984761,22.627416997969522,0.029857499854668124
203,170,260,10.770329614269007,21.540659228538015,0.07645185481720118
204,171,260,10.63014581273465,21.2602916254693,0.08847251662872146
205,172,261,10.63014581273465,21.2602916254693,0.08847251662872146
206,173,262,10.295630140987,20.591260281974,0.11715699883508035
207,174,263,9.848857801796104,19.697715603592208,0.15546741086110427
208,175,263,9.899494936611665,19.79898987322333,0.15112531237283466
209,176,264,9.848857801796104,19.697715603592208,0.15546741086110427
210,177,265,9.433981132056603,18.867962264113206,0.19104279179558437
211,178,266,9.219544457292887,18.439088914585774,0.20943058495790523
212,179,267,9.219544457292887,18.439088914585774,0.20943058495790523
213,180,268,8.94427190999916,17.88854381999832,0.2330350111526296
214,181,269,8.06225774829855,16.1245154965971,0.30866710155628485
215,181,270,7.211102550927978,14.422205101855956,0.3816530575991578
216,181,271,6.4031242374328485,12.806248474865697,0.45093662639428034
217,181,272,5.656854249492381,11.313708498984761,0.5149287499273341
218,181,273,5.0,10.0,0.571253537143728
219,181,274,4.47213595499958,8.94427190999916,0.6165175055763148
220,181,275,4.123105625617661,8.246211251235321,0.6464466094067263
221,181,276,3.605551275463989,7.211102550927978,0.690826528799579
222,182,277,3.1622776601683795,6.324555320336759,0.7288369277266797
223,183,278,2.8284271247461903,5.656854249492381,0.757464374963667
224,183,279,2.8284271247461903,5.656854249492381,0.757464374963667
225,184,280,2.8284271247461903,5.656854249492381,0.757464374963667
226,185,281,2.8284271247461903,5.656854249492381,0.757464374963667
227,186,282,2.8284271247461903,5.656854249492381,0.757464374963667
228,187,283,2.8284271247461903,5.656854249492381,0.757464374963667
229,188,284,2.8284271247461903,5.656854249492381,0.757464374963667
230,189,285,2.8284271247461903,5.656854249492381,0.757464374963667
231,190,286,2.8284271247461903,5.656854249492381,0.757464374963667
232,191,287,2.8284271247461903,5.656854249492381,0.757464374963667
233,192,287,2.8284271247461903,5.656854249492381,0.757464374963667
234,193,288,2.8284271247461903,5.656854249492381,0.757464374963667
235,194,289,2.23606797749979,4.47213595499958,0.8082587527881574
236,195,289,2.23606797749979,4.47213595499958,0.8082587527881574
237,196,290,2.8284271247461903,5.656854249492381,0.757464374963667
238,197,290,2.23606797749979,4.47213595499958,0.8082587527881574
239,198,291,2.8284271247461903,5.656854249492381,0.757464374963667
240,199,291,3.0,6.0,0.7427521222862368
241,200,291,2.8284271247461903,5.656854249492381,0.757464374963667
242,201,292,2.8284271247461903,5.656854249492381,0.757464374963667
243,202,292,3.0,6.0,0.7427521222862368
244,203,292,3.0,6.0,0.7427521222862368
245,204,292,2.8284271247461903,5.656854249492381,0.757464374963667
246,205,293,3.0,6.0,0.7427521222862368
247,206,293,3.0,6.0,0.7427521222862368
248,207,293,3.0,6.0,0.7427521222862368
249,208,293,2.8284271247461903,5.656854249492381,0.757464374963667
250,209,294,3.1622776601683795,6.324555320336759,0.7288369277266797
251,210,295,2.8284271247461903,5.656854249492381,0.757464374963667
252,211,295,3.0,6.0,0.7427521222862368
253,212,295,2.8284271247461903,5.656854249492381,0.757464374963667
254,213,296,2.8284271247461903,5.656854249492381,0.757464374963667
255,214,296,2.8284271247461903,5.656854249492381,0.757464374963667
256,215,297,2.8284271247461903,5.656854249492381,0.757464374963667
257,216,297,2.8284271247461903,5.656854249492381,0.757464374963667
258,217,298,2.8284271247461903,5.656854249492381,0.757464374963667
259,218,299,2.8284271247461903,5.656854249492381,0.757464374963667
260,219,300,2.8284271247461903,5.656854249492381,0.757464374963667
261,220,301,2.8284271247461903,5.656854249492381,0.757464374963667
262,221,302,2.8284271247461903,5.656854249492381,0.757464374963667
263,222,303,2.8284271247461903,5.656854249492381,0.757464374963667
264,222,304,2.8284271247461903,5.656854249492381,0.757464374963667
265,223,305,2.8284271247461903,5.656854249492381,0.757464374963667
266,224,306,2.8284271247461903,5.656854249492381,0.757464374963667
267,225,307,2.8284271247461903,5.656854249492381,0.757464374963667
268,225,308,2.8284271247461903,5.656854249492381,0.757464374963667
269,226,309,2.8284271247461903,5.656854249492381,0.757464374963667
270,227,310,2.8284271247461903,5.656854249492381,0.757464374963667
271,227,311,2.8284271247461903,5.656854249492381,0.757464374963667
272,228,312,2.8284271247461903,5.656854249492381,0.757464374963667
273,229,313,2.8284271247461903,5.656854249492381,0.757464374963667
274,230,314,2.8284271247461903,5.656854249492381,0.757464374963667
275,230,315,2.8284271247461903,5.656854249492381,0.757464374963667
276,231,316,2.8284271247461903,5.656854249492381,0.757464374963667
277,232,317,2.8284271247461903,5.656854249492381,0.757464374963667
278,233,318,2.8284271247461903,5.656854249492381,0.757464374963667
279,233,319,2.23606797749979,4.47213595499958,0.8082587527881574
280,233,320,2.0,4.0,0.8285014148574912
281,233,321,2.0,4.0,0.8285014148574912
282,233,322,2.0,4.0,0.8285014148574912
283,233,323,2.23606797749979,4.47213595499958,0.8082587527881574
284,232,324,2.23606797749979,4.47213595499958,0.8082587527881574
285,232,325,2.0,4.0,0.8285014148574912
286,231,326,2.23606797749979,4.47213595499958,0.8082587527881574
287,230,327,2.23606797749979,4.47213595499958,0.8082587527881574
288,229,328,2.23606797749979,4.47213595499958,0.8082587527881574
289,229,329,2.0,4.0,0.8285014148574912
290,228,330,2.23606797749979,4.47213595499958,0.8082587527881574
291,227,331,2.23606797749979,4.47213595499958,0.8082587527881574
292,227,332,2.23606797749979,4.47213595499958,0.8082587527881574
293,227,333,2.0,4.0,0.8285014148574912
294,227,334,2.0,4.0,0.8285014148574912
295,227,335,2.0,4.0,0.8285014148574912
296,227,336,2.0,4.0,0.8285014148574912
297,227,337,2.0,4.0,0.8285014148574912
298,227,338,2.23606797749979,4.47213595499958,0.8082587527881574
299,227,339,2.8284271247461903,5.656854249492381,0.757464374963667
300,228,340,2.23606797749979,4.47213595499958,0.8082587527881574
301,229,341,2.23606797749979,4.47213595499958,0.8082587527881574
302,230,342,2.8284271247461903,5.656854249492381,0.757464374963667
303,231,342,2.23606797749979,4.47213595499958,0.8082587527881574
304,232,343,2.8284271247461903,5.656854249492381,0.757464374963667
305,233,343,3.0,6.0,0.7427521222862368
306,234,343,2.8284271247461903,5.656854249492381,0.757464374963667
307,235,344,2.8284271247461903,5.656854249492381,0.757464374963667
308,236,344,3.0,6.0,0.7427521222862368
309,237,345,2.8284271247461903,5.656854249492381,0.757464374963667
310,238,346,2.8284271247461903,5.656854249492381,0.757464374963667
311,239,347,2.23606797749979,4.47213595499958,0.8082587527881574
312,239,348,2.23606797749979,4.47213595499958,0.8082587527881574
313,240,349,2.8284271247461903,5.656854249492381,0.757464374963667
314,241,350,2.23606797749979,4.47213595499958,0.8082587527881574
315,241,351,2.23606797749979,4.47213595499958,0.8082587527881574
316,242,352,2.23606797749979,4.47213595499958,0.8082587527881574
317,242,353,2.23606797749979,4.47213595499958,0.8082587527881574
318,243,354,2.0,4.0,0.8285014148574912
319,243,355,2.0,4.0,0.8285014148574912
320,243,356,2.0,4.0,0.8285014148574912
321,243,357,2.0,4.0,0.8285014148574912
322,243,358,2.0,4.0,0.8285014148574912
323,243,359,2.0,4.0,0.8285014148574912
324,243,360,2.0,4.0,0.8285014148574912
325,243,361,2.0,4.0,0.8285014148574912
326,243,362,2.0,4.0,0.8285014148574912
327,243,363,2.0,4.0,0.8285014148574912
328,243,364,2.0,4.0,0.8285014148574912
329,243,365,2.23606797749979,4.47213595499958,0.8082587527881574
330,242,366,2.0,4.0,0.8285014148574912
331,242,367,2.0,4.0,0.8285014148574912
332,242,368,2.0,4.0,0.8285014148574912
333,242,369,2.0,4.0,0.8285014148574912
334,242,370,2.0,4.0,0.8285014148574912
335,242,371,2.0,4.0,0.8285014148574912
336,241,372,2.23606797749979,4.47213595499958,0.8082587527881574
337,241,373,2.23606797749979,4.47213595499958,0.8082587527881574
338,240,374,2.23606797749979,4.47213595499958,0.8082587527881574
339,239,375,2.23606797749979,4.47213595499958,0.8082587527881574
340,239,376,2.23606797749979,4.47213595499958,0.8082587527881574
341,238,377,2.23606797749979,4.47213595499958,0.8082587527881574
342,238,378,2.8284271247461903,5.656854249492381,0.757464374963667
343,238,379,3.0,6.0,0.7427521222862368
344,238,380,3.0,6.0,0.7427521222862368
345,238,381,3.0,6.0,0.7427521222862368
346,238,382,2.8284271247461903,5.656854249492381,0.757464374963667
347,238,383,2.23606797749979,4.47213595499958,0.8082587527881574
348,239,384,2.23606797749979,4.47213595499958,0.8082587527881574
349,239,385,2.8284271247461903,5.656854249492381,0.757464374963667
350,239,386,2.8284271247461903,5.656854249492381,0.757464374963667
351,239,387,2.23606797749979,4.47213595499958,0.8082587527881574
352,239,388,2.0,4.0,0.8285014148574912
353,239,389,2.0,4.0,0.8285014148574912
354,239,390,2.0,4.0,0.8285014148574912
355,239,391,2.0,4.0,0.8285014148574912
356,239,392,2.0,4.0,0.8285014148574912
357,239,393,2.0,4.0,0.8285014148574912
358,239,394,2.0,4.0,0.8285014148574912
359,239,395,2.0,4.0,0.8285014148574912
360,238,396,2.0,4.0,0.8285014148574912
361,238,397,2.0,4.0,0.8285014148574912
362,238,398,2.0,4.0,0.8285014148574912
363,238,399,2.0,4.0,0.8285014148574912
364,238,400,2.0,4.0,0.8285014148574912
365,238,401,2.0,4.0,0.8285014148574912
366,238,402,2.23606797749979,4.47213595499958,0.8082587527881574
367,239,403,2.0,4.0,0.8285014148574912
368,240,404,1.4142135623730951,2.8284271247461903,0.8787321874818335
369,241,405,1.4142135623730951,2.8284271247461903,0.8787321874818335
370,242,406,1.4142135623730951,2.8284271247461903,0.8787321874818335
371,243,406,1.4142135623730951,2.8284271247461903,0.8787321874818335
372,244,407,2.0,4.0,0.8285014148574912
373,245,407,1.4142135623730951,2.8284271247461903,0.8787321874818335
374,246,408,2.0,4.0,0.8285014148574912
375,247,408,1.4142135623730951,2.8284271247461903,0.8787321874818335
376,248,409,2.0,4.0,0.8285014148574912
377,249,409,1.4142135623730951,2.8284271247461903,0.8787321874818335
